,accuracy,cv_score
Random Forest,0.8424657534246576,0.8374562747792564
Gradient Boosting,0.8514281550568348,0.8470197965282621
Logistic Regression,0.8723404255319149,0.8666023478171857
