,accuracy,cv_score
Random Forest,0.8122267560477995,0.806324669168877
Gradient Boosting,0.8281842028563101,0.8241947775443463
Logistic Regression,0.8727776158554358,0.8668209353475115
